Workbook

Sheet Calculator
A1: GASQ Mobile Patrol Calculator
A4: Input | B4: Value | C4: Units / Notes | E4: Calculated Output | F4: Formula Result | G4: Description
A5: Baseline Hourly Pay Rate | B5: 25 | C5: $/hour | E5: Employer Cost Per Hour | F5: =B5/B6 -> 35.714286 | G5: Baseline Hourly Pay Rate ÷ Divisor
A6: Divisor | B6: 0.7 | C6: Default 0.70 | E6: Annual Labor Cost | F6: =F5*B7 -> 312000 | G6: Employer Cost Per Hour × Annual Hours
A7: Annual Hours | B7: 8736 | C7: Hours/year | E7: Miles Per Day | F7: =B8*B9 -> 600 | G7: Driving Speed × Hours Per Day
A8: Driving Speed | B8: 25 | C8: MPH | E8: Miles Per Year | F8: =F7*365 -> 219000 | G8: Miles Per Day × 365
A9: Hours Per Day | B9: 24 | C9: Hours/day | E9: Gallons Per Year | F9: =F8/B10 -> 8760 | G9: Miles Per Year ÷ MPG
A10: Miles Per Gallon | B10: 25 | C10: MPG | E10: Annual Fuel Cost | F10: =F9*B11 -> 36003.6 | G10: Gallons Per Year × Fuel Cost Per Gallon
A11: Fuel Cost Per Gallon | B11: 4.11 | C11: $/gallon | E11: Annual Maintenance / Repair | F11: =B12 -> 5000 | G11: User input
A12: Projected Annual Maintenance / Repair | B12: 5000 | C12: $/year | E12: Annual Tire Cost | F12: =B13*B14 -> 1200 | G12: Tire Sets Per Year × Tire Cost Per Set
A13: Tire Sets Per Year | B13: 4 | C13: Sets/year | E13: Auto Insurance | F13: =B15 -> 1200 | G13: User input
A14: Tire Cost Per Set | B14: 300 | C14: $/set | E14: Oil Changes Per Year | F14: =ROUNDUP(F8/B16,0) -> 30 | G14: Miles Per Year ÷ Oil Change Interval
A15: Auto Insurance | B15: 1200 | C15: $/year | E15: Annual Oil Cost | F15: =F14*B17 -> 3000 | G15: Oil Changes Per Year × Oil Change Cost
A16: Oil Change Interval | B16: 7500 | C16: Miles | E16: Total Annual Cost | F16: =F6+F10+F11+F12+F13+F15 -> 358403.6 | G16: Labor + Fuel + Maintenance + Tires + Insurance + Oil
A17: Oil Change Cost | B17: 100 | C17: $ each | E17: Return on Sales Amount | F17: =F16*B18 -> 89600.9 | G17: Total Annual Cost × Return on Sales %
A18: Return on Sales % | B18: 0.25 | C18: Enter as percentage | E18: Total Annual Cost + Return on Sales | F18: =F16+F17 -> 448004.5 | G18: Total Annual Cost + Return on Sales Amount
E19: Cost Per Hour | F19: =IF(B7=0,0,F18/B7) -> 51.282566 | G19: Total Annual Cost + Return on Sales ÷ Annual Hours
E20: Hourly Bill Rate | F20: =F19 -> 51.282566 | G20: Cost Per Hour
A21: Quick Read
A22: Change only the blue input cells in column B.
A23: Return on Sales % should be entered as a percent, such as 10%.
A24: Hourly Bill Rate is the final estimated selling rate per hour.
A25: Source file used: Mobile Patrolman Formula document uploaded in chat.

Sheet Report
A1: Mobile Patrol Summary Report
A3: Metric | B3: Value | D3: Vehicle Cost Summary | E3: Value
A4: Baseline Hourly Pay Rate | B4: =Calculator!B5 -> 25 | D4: Miles Per Day | E4: =Calculator!F7 -> 600
A5: Employer Cost Per Hour | B5: =Calculator!F5 -> 35.714286 | D5: Miles Per Year | E5: =Calculator!F8 -> 219000
A6: Annual Labor Cost | B6: =Calculator!F6 -> 312000 | D6: Gallons Per Year | E6: =Calculator!F9 -> 8760
A7: Annual Fuel Cost | B7: =Calculator!F10 -> 36003.6 | D7: Annual Maintenance / Repair | E7: =Calculator!F11 -> 5000
A8: Total Annual Cost | B8: =Calculator!F16 -> 358403.6 | D8: Annual Tire Cost | E8: =Calculator!F12 -> 1200
A9: Return on Sales Amount | B9: =Calculator!F17 -> 89600.9 | D9: Oil Changes Per Year | E9: =Calculator!F14 -> 30
A10: Total Annual Cost + Return on Sales | B10: =Calculator!F18 -> 448004.5 | D10: Annual Oil Cost | E10: =Calculator!F15 -> 3000
A11: Cost Per Hour | B11: =Calculator!F19 -> 51.282566
A12: Return on Sales % | B12: =Calculator!B18 -> 0.25
A13: Print / Client Notes
A14: This report estimates mobile patrol operating cost and required bill rate based on labor, mileage, fuel, maintenance, tires, insurance, and oil service assumptions.
A15: Review all user inputs before relying on the result.
A17: Primary final outputs:
A18: Hourly Bill Rate | B18: =Calculator!F20 -> 51.282566

Sheet Notes
A1: Formula / Logic Notes | B1: Description
A2: Employer Cost Per Hour | B2: Baseline Hourly Pay Rate ÷ Divisor
A3: Annual Labor Cost | B3: Employer Cost Per Hour × Annual Hours
A4: Miles Per Day | B4: Driving Speed × Hours Per Day
A5: Miles Per Year | B5: Miles Per Day × 365
A6: Gallons Per Year | B6: Miles Per Year ÷ MPG
A7: Annual Fuel Cost | B7: Gallons Per Year × Fuel Cost Per Gallon
A8: Annual Tire Cost | B8: Tire Sets Per Year × Tire Cost Per Set
A9: Oil Changes Per Year | B9: ROUNDUP(Miles Per Year ÷ Oil Change Interval, 0)
A10: Annual Oil Cost | B10: Oil Changes Per Year × Oil Change Cost
A11: Total Annual Cost | B11: Labor + Fuel + Maintenance + Tires + Insurance + Oil
A12: Cost Per Hour | B12: Total Annual Cost ÷ Annual Hours
... A15: Source | B15: Based on the uploaded Mobile Patrolman Formula document.
